# Labels used in bootstrap Categories definitions

bootstrap.categories.name=categories

bootstrap.categories.cm_generalclassifiable.name=General

bootstrap.categories.cm_generalclassifiable.software_document_classification.name=Software Document Classification

bootstrap.categories.cm_generalclassifiable.software_document_classification.software_descriptions.name=Software Descriptions

bootstrap.categories.cm_generalclassifiable.software_document_classification.software_descriptions.main_software_descriptions.name=Main Software Descriptions
bootstrap.categories.cm_generalclassifiable.software_document_classification.software_descriptions.main_software_descriptions.short_system_description.name=Short System Description
bootstrap.categories.cm_generalclassifiable.software_document_classification.software_descriptions.main_software_descriptions.requirement_description.name=Requirement Description
bootstrap.categories.cm_generalclassifiable.software_document_classification.software_descriptions.main_software_descriptions.architecture_description.name=Architecture Description
bootstrap.categories.cm_generalclassifiable.software_document_classification.software_descriptions.main_software_descriptions.implementation_description.name=Implementation Description
bootstrap.categories.cm_generalclassifiable.software_document_classification.software_descriptions.main_software_descriptions.configuration_description.name=Configuration Description

bootstrap.categories.cm_generalclassifiable.software_document_classification.software_descriptions.software_description_appendices.name=Software Description Appendices
bootstrap.categories.cm_generalclassifiable.software_document_classification.software_descriptions.software_description_appendices.terminology_description.name=Terminology Description
bootstrap.categories.cm_generalclassifiable.software_document_classification.software_descriptions.software_description_appendices.internal_message_description.name=Internal Message Description
bootstrap.categories.cm_generalclassifiable.software_document_classification.software_descriptions.software_description_appendices.external_message_description.name=External Message Description
bootstrap.categories.cm_generalclassifiable.software_document_classification.software_descriptions.software_description_appendices.record_description.name=Record Description
bootstrap.categories.cm_generalclassifiable.software_document_classification.software_descriptions.software_description_appendices.user_interface_description.name=User Interface Description
bootstrap.categories.cm_generalclassifiable.software_document_classification.software_descriptions.software_description_appendices.process_description.name=Process Description
bootstrap.categories.cm_generalclassifiable.software_document_classification.software_descriptions.software_description_appendices.initialization_description.name=Initialization Description

bootstrap.categories.cm_generalclassifiable.software_document_classification.utilization_documents.name=Utilization Documents
bootstrap.categories.cm_generalclassifiable.software_document_classification.utilization_documents.users_manual.name=User's Manual
bootstrap.categories.cm_generalclassifiable.software_document_classification.utilization_documents.operators_manual.name=Operator's Manual
bootstrap.categories.cm_generalclassifiable.software_document_classification.utilization_documents.installation_manual.name=Installation Manual
bootstrap.categories.cm_generalclassifiable.software_document_classification.utilization_documents.service_manual.name=Service Manual
bootstrap.categories.cm_generalclassifiable.software_document_classification.utilization_documents.users_help.name=User's Help
bootstrap.categories.cm_generalclassifiable.software_document_classification.utilization_documents.operators_help.name=Operator's Help
bootstrap.categories.cm_generalclassifiable.software_document_classification.utilization_documents.installations_help.name=Installations Help
bootstrap.categories.cm_generalclassifiable.software_document_classification.utilization_documents.service_help.name=Service Help

bootstrap.categories.cm_generalclassifiable.software_document_classification.development_plans.name=Development Plans
bootstrap.categories.cm_generalclassifiable.software_document_classification.development_plans.responsibility_plan.name=Responsibility Plan
bootstrap.categories.cm_generalclassifiable.software_document_classification.development_plans.work_breakdown_plan.name=Work Breakdown Plan
bootstrap.categories.cm_generalclassifiable.software_document_classification.development_plans.schedule_plan.name=Schedule Plan
bootstrap.categories.cm_generalclassifiable.software_document_classification.development_plans.expense_plan.name=Expense Plan
bootstrap.categories.cm_generalclassifiable.software_document_classification.development_plans.phase_plan.name=Phase Plan
bootstrap.categories.cm_generalclassifiable.software_document_classification.development_plans.risk_plan.name=Risk Plan
bootstrap.categories.cm_generalclassifiable.software_document_classification.development_plans.test_plan.name=Test Plan
bootstrap.categories.cm_generalclassifiable.software_document_classification.development_plans.acceptance_plan.name=Acceptance Plan
bootstrap.categories.cm_generalclassifiable.software_document_classification.development_plans.manual_plan.name=Manual Plan
bootstrap.categories.cm_generalclassifiable.software_document_classification.development_plans.method_plan.name=Method Plan
bootstrap.categories.cm_generalclassifiable.software_document_classification.development_plans.quality_plan.name=Quality Plan
bootstrap.categories.cm_generalclassifiable.software_document_classification.development_plans.documentation_plan.name=Documentation Plan
bootstrap.categories.cm_generalclassifiable.software_document_classification.development_plans.version_control_plan.name=Version Control Plan

bootstrap.categories.cm_generalclassifiable.software_document_classification.quality_documents.name=Quality Documents
bootstrap.categories.cm_generalclassifiable.software_document_classification.quality_documents.change_request.name=Change Request
bootstrap.categories.cm_generalclassifiable.software_document_classification.quality_documents.analysis_request.name=Analysis Request
bootstrap.categories.cm_generalclassifiable.software_document_classification.quality_documents.information_request.name=Information Request
bootstrap.categories.cm_generalclassifiable.software_document_classification.quality_documents.readers_report.name=Reader's Report
bootstrap.categories.cm_generalclassifiable.software_document_classification.quality_documents.review_report.name=Review Report
bootstrap.categories.cm_generalclassifiable.software_document_classification.quality_documents.inspection_report.name=Inspection Report
bootstrap.categories.cm_generalclassifiable.software_document_classification.quality_documents.test_report.name=Test Report
bootstrap.categories.cm_generalclassifiable.software_document_classification.quality_documents.review_call.name=Review Call
bootstrap.categories.cm_generalclassifiable.software_document_classification.quality_documents.inspection_call.name=Inspection Call
bootstrap.categories.cm_generalclassifiable.software_document_classification.quality_documents.test_call.name=Test Call

bootstrap.categories.cm_generalclassifiable.software_document_classification.administrative_documents.name=Administrative Documents
bootstrap.categories.cm_generalclassifiable.software_document_classification.administrative_documents.preliminary_contract.name=Preliminary Contract
bootstrap.categories.cm_generalclassifiable.software_document_classification.administrative_documents.development_contract.name=Development Contract
bootstrap.categories.cm_generalclassifiable.software_document_classification.administrative_documents.extended_contract.name=Extended Contract
bootstrap.categories.cm_generalclassifiable.software_document_classification.administrative_documents.maintenance_contract.name=Maintenance Contract
bootstrap.categories.cm_generalclassifiable.software_document_classification.administrative_documents.contract_review_minutes.name=Contract Review Minutes
bootstrap.categories.cm_generalclassifiable.software_document_classification.administrative_documents.project_meeting_minutes.name=Project Meeting Minutes

bootstrap.categories.cm_generalclassifiable.languages.name=Languages

bootstrap.categories.cm_generalclassifiable.languages.english.name=English
bootstrap.categories.cm_generalclassifiable.languages.english.british_english.name=British English
bootstrap.categories.cm_generalclassifiable.languages.english.american_english.name=American English
bootstrap.categories.cm_generalclassifiable.languages.english.australian_english.name=Australian English
bootstrap.categories.cm_generalclassifiable.languages.english.canadian_english.name=Canadian English
bootstrap.categories.cm_generalclassifiable.languages.english.indian_english.name=Indian English

bootstrap.categories.cm_generalclassifiable.languages.french.name=French
bootstrap.categories.cm_generalclassifiable.languages.french.french_french.name=French French
bootstrap.categories.cm_generalclassifiable.languages.french.canadian_french.name=Canadian French

bootstrap.categories.cm_generalclassifiable.languages.german.name=German
bootstrap.categories.cm_generalclassifiable.languages.german.german_german.name=German German
bootstrap.categories.cm_generalclassifiable.languages.german.austrian_german.name=Austrian German
bootstrap.categories.cm_generalclassifiable.languages.german.swiss_german.name=Swiss German

bootstrap.categories.cm_generalclassifiable.languages.Spanish.name=Spanish
bootstrap.categories.cm_generalclassifiable.languages.Spanish.spanish.name=Spanish
bootstrap.categories.cm_generalclassifiable.languages.Spanish.mexican_spanish.name=Mexican Spanish
bootstrap.categories.cm_generalclassifiable.languages.Spanish.american_spanish.name=American Spanish


bootstrap.categories.cm_generalclassifiable.regions.name=Regions

bootstrap.categories.cm_generalclassifiable.regions.africa.name=AFRICA

bootstrap.categories.cm_generalclassifiable.regions.africa.eastern_africa.name=Eastern Africa
bootstrap.categories.cm_generalclassifiable.regions.africa.eastern_africa.burundi.name=Burundi
bootstrap.categories.cm_generalclassifiable.regions.africa.eastern_africa.comoros.name=Comoros
bootstrap.categories.cm_generalclassifiable.regions.africa.eastern_africa.djibouti.name=Djibouti
bootstrap.categories.cm_generalclassifiable.regions.africa.eastern_africa.eritrea.name=Eritrea
bootstrap.categories.cm_generalclassifiable.regions.africa.eastern_africa.ethiopia.name=Ethiopia
bootstrap.categories.cm_generalclassifiable.regions.africa.eastern_africa.kenya.name=Kenya
bootstrap.categories.cm_generalclassifiable.regions.africa.eastern_africa.madagascar.name=Madagascar
bootstrap.categories.cm_generalclassifiable.regions.africa.eastern_africa.malawi.name=Malawi
bootstrap.categories.cm_generalclassifiable.regions.africa.eastern_africa.mauritius.name=Mauritius
bootstrap.categories.cm_generalclassifiable.regions.africa.eastern_africa.mozambique.name=Mozambique
bootstrap.categories.cm_generalclassifiable.regions.africa.eastern_africa.reunion.name=Reunion
bootstrap.categories.cm_generalclassifiable.regions.africa.eastern_africa.rwanda.name=Rwanda
bootstrap.categories.cm_generalclassifiable.regions.africa.eastern_africa.seychelles.name=Seychelles
bootstrap.categories.cm_generalclassifiable.regions.africa.eastern_africa.somalia.name=Somalia
bootstrap.categories.cm_generalclassifiable.regions.africa.eastern_africa.uganda.name=Uganda
bootstrap.categories.cm_generalclassifiable.regions.africa.eastern_africa.tanzania.name=United Republic of Tanzania
bootstrap.categories.cm_generalclassifiable.regions.africa.eastern_africa.zambia.name=Zambia
bootstrap.categories.cm_generalclassifiable.regions.africa.eastern_africa.zimbabwe.name=Zimbabwe

bootstrap.categories.cm_generalclassifiable.regions.africa.middle_africa.name=Middle Africa
bootstrap.categories.cm_generalclassifiable.regions.africa.middle_africa.angola.name=Angola
bootstrap.categories.cm_generalclassifiable.regions.africa.middle_africa.cameroon.name=Cameroon
bootstrap.categories.cm_generalclassifiable.regions.africa.middle_africa.central_african_republic.name=Central African Republic
bootstrap.categories.cm_generalclassifiable.regions.africa.middle_africa.chad.name=Chad
bootstrap.categories.cm_generalclassifiable.regions.africa.middle_africa.congo.name=Congo
bootstrap.categories.cm_generalclassifiable.regions.africa.middle_africa.rep_congo.name=Democratic Republic of the Congo
bootstrap.categories.cm_generalclassifiable.regions.africa.middle_africa.guinea.name=Equatorial Guinea
bootstrap.categories.cm_generalclassifiable.regions.africa.middle_africa.gabon.name=Gabon
bootstrap.categories.cm_generalclassifiable.regions.africa.middle_africa.sao_tome.name=Sao Tome and Principe

bootstrap.categories.cm_generalclassifiable.regions.africa.northern_africa.name=Northern Africa
bootstrap.categories.cm_generalclassifiable.regions.africa.northern_africa.algeria.name=Algeria
bootstrap.categories.cm_generalclassifiable.regions.africa.northern_africa.egypt.name=Egypt
bootstrap.categories.cm_generalclassifiable.regions.africa.northern_africa.libyan_arab_jamahiriya.name=Libyan Arab Jamahiriya
bootstrap.categories.cm_generalclassifiable.regions.africa.northern_africa.morocco.name=Morocco
bootstrap.categories.cm_generalclassifiable.regions.africa.northern_africa.sudan.name=Sudan
bootstrap.categories.cm_generalclassifiable.regions.africa.northern_africa.tunisia.name=Tunisia
bootstrap.categories.cm_generalclassifiable.regions.africa.northern_africa.western_sahara.name=Western Sahara

bootstrap.categories.cm_generalclassifiable.regions.africa.southern_africa.name=Southern Africa
bootstrap.categories.cm_generalclassifiable.regions.africa.southern_africa.botswana.name=Botswana
bootstrap.categories.cm_generalclassifiable.regions.africa.southern_africa.lesotho.name=Lesotho
bootstrap.categories.cm_generalclassifiable.regions.africa.southern_africa.namibia.name=Namibia
bootstrap.categories.cm_generalclassifiable.regions.africa.southern_africa.south_africa.name=South Africa
bootstrap.categories.cm_generalclassifiable.regions.africa.southern_africa.swaziland.name=Swaziland

bootstrap.categories.cm_generalclassifiable.regions.africa.western_africa.name=Western Africa
bootstrap.categories.cm_generalclassifiable.regions.africa.western_africa.benin.name=Benin
bootstrap.categories.cm_generalclassifiable.regions.africa.western_africa.burkina_faso.name=Burkina Faso
bootstrap.categories.cm_generalclassifiable.regions.africa.western_africa.cape_verde.name=Cape Verde
bootstrap.categories.cm_generalclassifiable.regions.africa.western_africa.cote_divoire.name=Cote d'Ivoire
bootstrap.categories.cm_generalclassifiable.regions.africa.western_africa.gambia.name=Gambia
bootstrap.categories.cm_generalclassifiable.regions.africa.western_africa.ghana.name=Ghana
bootstrap.categories.cm_generalclassifiable.regions.africa.western_africa.guinea.name=Guinea
bootstrap.categories.cm_generalclassifiable.regions.africa.western_africa.guinea_bissau.name=Guinea-Bissau
bootstrap.categories.cm_generalclassifiable.regions.africa.western_africa.liberia.name=Liberia
bootstrap.categories.cm_generalclassifiable.regions.africa.western_africa.mali.name=Mali
bootstrap.categories.cm_generalclassifiable.regions.africa.western_africa.mauritania.name=Mauritania
bootstrap.categories.cm_generalclassifiable.regions.africa.western_africa.niger.name=Niger
bootstrap.categories.cm_generalclassifiable.regions.africa.western_africa.nigeria.name=Nigeria
bootstrap.categories.cm_generalclassifiable.regions.africa.western_africa.saint_helena.name=Saint Helena
bootstrap.categories.cm_generalclassifiable.regions.africa.western_africa.senegal.name=Senegal
bootstrap.categories.cm_generalclassifiable.regions.africa.western_africa.sierra_leone.name=Sierra Leone
bootstrap.categories.cm_generalclassifiable.regions.africa.western_africa.togo.name=Togo

bootstrap.categories.cm_generalclassifiable.regions.asia.name=ASIA

bootstrap.categories.cm_generalclassifiable.regions.asia.eastern_asia.name=Eastern Asia
bootstrap.categories.cm_generalclassifiable.regions.asia.eastern_asia.china.name=China
bootstrap.categories.cm_generalclassifiable.regions.asia.eastern_asia.peoples_republic_korea.name=Democratic People's Republic of Korea
bootstrap.categories.cm_generalclassifiable.regions.asia.eastern_asia.hong_kong.name=Hong Kong SAR
bootstrap.categories.cm_generalclassifiable.regions.asia.eastern_asia.japan.name=Japan
bootstrap.categories.cm_generalclassifiable.regions.asia.eastern_asia.macao.name=Macao, China
bootstrap.categories.cm_generalclassifiable.regions.asia.eastern_asia.mongolia.name=Mongolia
bootstrap.categories.cm_generalclassifiable.regions.asia.eastern_asia.korea.name=Republic of Korea

bootstrap.categories.cm_generalclassifiable.regions.asia.south_central_asia.name=South-central Asia
bootstrap.categories.cm_generalclassifiable.regions.asia.south_central_asia.afghanistan.name=Afghanistan
bootstrap.categories.cm_generalclassifiable.regions.asia.south_central_asia.bangladesh.name=Bangladesh
bootstrap.categories.cm_generalclassifiable.regions.asia.south_central_asia.bhutan.name=Bhutan
bootstrap.categories.cm_generalclassifiable.regions.asia.south_central_asia.india.name=India
bootstrap.categories.cm_generalclassifiable.regions.asia.south_central_asia.iran.name=Iran (Islamic Republic of)
bootstrap.categories.cm_generalclassifiable.regions.asia.south_central_asia.kazakhstan.name=Kazakhstan
bootstrap.categories.cm_generalclassifiable.regions.asia.south_central_asia.kyrgyzstan.name=Kyrgyzstan
bootstrap.categories.cm_generalclassifiable.regions.asia.south_central_asia.maldives.name=Maldives
bootstrap.categories.cm_generalclassifiable.regions.asia.south_central_asia.nepal.name=Nepal
bootstrap.categories.cm_generalclassifiable.regions.asia.south_central_asia.pakistan.name=Pakistan
bootstrap.categories.cm_generalclassifiable.regions.asia.south_central_asia.sri_lanka.name=Sri Lanka
bootstrap.categories.cm_generalclassifiable.regions.asia.south_central_asia.tajikistan.name=Tajikistan
bootstrap.categories.cm_generalclassifiable.regions.asia.south_central_asia.turkmenistan.name=Turkmenistan
bootstrap.categories.cm_generalclassifiable.regions.asia.south_central_asia.uzbekistan.name=Uzbekistan

bootstrap.categories.cm_generalclassifiable.regions.asia.south_eastern_asia.name=South-eastern Asia
bootstrap.categories.cm_generalclassifiable.regions.asia.south_eastern_asia.brunei_darussalam.name=Brunei Darussalam
bootstrap.categories.cm_generalclassifiable.regions.asia.south_eastern_asia.cambodia.name=Cambodia
bootstrap.categories.cm_generalclassifiable.regions.asia.south_eastern_asia.indonesia.name=Indonesia
bootstrap.categories.cm_generalclassifiable.regions.asia.south_eastern_asia.lao.name=Lao People's Democratic Republic
bootstrap.categories.cm_generalclassifiable.regions.asia.south_eastern_asia.malaysia.name=Malaysia
bootstrap.categories.cm_generalclassifiable.regions.asia.south_eastern_asia.myanmar.name=Myanmar
bootstrap.categories.cm_generalclassifiable.regions.asia.south_eastern_asia.philippines.name=Philippines
bootstrap.categories.cm_generalclassifiable.regions.asia.south_eastern_asia.singapore.name=Singapore
bootstrap.categories.cm_generalclassifiable.regions.asia.south_eastern_asia.thailand.name=Thailand
bootstrap.categories.cm_generalclassifiable.regions.asia.south_eastern_asia.timor_leste.name=Timor-Leste
bootstrap.categories.cm_generalclassifiable.regions.asia.south_eastern_asia.viet_nam.name=Viet Nam

bootstrap.categories.cm_generalclassifiable.regions.asia.western_asia.name=Western Asia
bootstrap.categories.cm_generalclassifiable.regions.asia.south_eastern_asia.armenia.name=Armenia
bootstrap.categories.cm_generalclassifiable.regions.asia.south_eastern_asia.azerbaijan.name=Azerbaijan
bootstrap.categories.cm_generalclassifiable.regions.asia.south_eastern_asia.bahrain.name=Bahrain
bootstrap.categories.cm_generalclassifiable.regions.asia.south_eastern_asia.cyprus.name=Cyprus
bootstrap.categories.cm_generalclassifiable.regions.asia.south_eastern_asia.georgia.name=Georgia
bootstrap.categories.cm_generalclassifiable.regions.asia.south_eastern_asia.iraq.name=Iraq
bootstrap.categories.cm_generalclassifiable.regions.asia.south_eastern_asia.israel.name=Israel
bootstrap.categories.cm_generalclassifiable.regions.asia.south_eastern_asia.jordan.name=Jordan
bootstrap.categories.cm_generalclassifiable.regions.asia.south_eastern_asia.kuwait.name=Kuwait
bootstrap.categories.cm_generalclassifiable.regions.asia.south_eastern_asia.lebanon.name=Lebanon
bootstrap.categories.cm_generalclassifiable.regions.asia.south_eastern_asia.occupied_palestinian_territory.name=Occupied Palestinian Territory
bootstrap.categories.cm_generalclassifiable.regions.asia.south_eastern_asia.oman.name=Oman
bootstrap.categories.cm_generalclassifiable.regions.asia.south_eastern_asia.qatar.name=Qatar
bootstrap.categories.cm_generalclassifiable.regions.asia.south_eastern_asia.saudi_arabia.name=Saudi Arabia
bootstrap.categories.cm_generalclassifiable.regions.asia.south_eastern_asia.syrian_arab_republic.name=Syrian Arab Republic
bootstrap.categories.cm_generalclassifiable.regions.asia.south_eastern_asia.turkey.name=Turkey
bootstrap.categories.cm_generalclassifiable.regions.asia.south_eastern_asia.united_arab_emirates.name=United Arab Emirates
bootstrap.categories.cm_generalclassifiable.regions.asia.south_eastern_asia.yemen.name=Yemen

bootstrap.categories.cm_generalclassifiable.regions.europe.name=EUROPE

bootstrap.categories.cm_generalclassifiable.regions.europe.eastern_europe.name=Eastern Europe
bootstrap.categories.cm_generalclassifiable.regions.europe.eastern_europe.belarus.name=Belarus
bootstrap.categories.cm_generalclassifiable.regions.europe.eastern_europe.bulgaria.name=Bulgaria
bootstrap.categories.cm_generalclassifiable.regions.europe.eastern_europe.czech_republic.name=Czech Republic
bootstrap.categories.cm_generalclassifiable.regions.europe.eastern_europe.hungary.name=Hungary
bootstrap.categories.cm_generalclassifiable.regions.europe.eastern_europe.poland.name=Poland
bootstrap.categories.cm_generalclassifiable.regions.europe.eastern_europe.republic_of_moldova.name=Republic of Moldova
bootstrap.categories.cm_generalclassifiable.regions.europe.eastern_europe.romania.name=Romania
bootstrap.categories.cm_generalclassifiable.regions.europe.eastern_europe.russian_federation.name=Russian Federation
bootstrap.categories.cm_generalclassifiable.regions.europe.eastern_europe.slovakia.name=Slovakia
bootstrap.categories.cm_generalclassifiable.regions.europe.eastern_europe.ukraine.name=Ukraine

bootstrap.categories.cm_generalclassifiable.regions.europe.northern_europe.name=Northern Europe
bootstrap.categories.cm_generalclassifiable.regions.europe.northern_europe.channel_islands.name=Channel Islands
bootstrap.categories.cm_generalclassifiable.regions.europe.northern_europe.denmark.name=Denmark
bootstrap.categories.cm_generalclassifiable.regions.europe.northern_europe.estonia.name=Estonia
bootstrap.categories.cm_generalclassifiable.regions.europe.northern_europe.faeroe_islands.name=Faeroe Islands
bootstrap.categories.cm_generalclassifiable.regions.europe.northern_europe.finland.name=Finland
bootstrap.categories.cm_generalclassifiable.regions.europe.northern_europe.iceland.name=Iceland
bootstrap.categories.cm_generalclassifiable.regions.europe.northern_europe.ireland.name=Ireland
bootstrap.categories.cm_generalclassifiable.regions.europe.northern_europe.isle_of_man.name=Isle of Man
bootstrap.categories.cm_generalclassifiable.regions.europe.northern_europe.latvia.name=Latvia
bootstrap.categories.cm_generalclassifiable.regions.europe.northern_europe.lithuania.name=Lithuania
bootstrap.categories.cm_generalclassifiable.regions.europe.northern_europe.norway.name=Norway
bootstrap.categories.cm_generalclassifiable.regions.europe.northern_europe.sweden.name=Sweden
bootstrap.categories.cm_generalclassifiable.regions.europe.northern_europe.united_kingdom.name=United Kingdom

bootstrap.categories.cm_generalclassifiable.regions.europe.southern_europe.name=Southern Europe
bootstrap.categories.cm_generalclassifiable.regions.europe.southern_europe.albania.name=Albania
bootstrap.categories.cm_generalclassifiable.regions.europe.southern_europe.andorra.name=Andorra
bootstrap.categories.cm_generalclassifiable.regions.europe.southern_europe.bosnia_and_herzegovina.name=Bosnia and Herzegovina
bootstrap.categories.cm_generalclassifiable.regions.europe.southern_europe.croatia.name=Croatia
bootstrap.categories.cm_generalclassifiable.regions.europe.southern_europe.gibraltar.name=Gibraltar
bootstrap.categories.cm_generalclassifiable.regions.europe.southern_europe.greece.name=Greece
bootstrap.categories.cm_generalclassifiable.regions.europe.southern_europe.holy_see.name=Holy See
bootstrap.categories.cm_generalclassifiable.regions.europe.southern_europe.italy.name=Italy
bootstrap.categories.cm_generalclassifiable.regions.europe.southern_europe.malta.name=Malta
bootstrap.categories.cm_generalclassifiable.regions.europe.southern_europe.portugal.name=Portugal
bootstrap.categories.cm_generalclassifiable.regions.europe.southern_europe.san_marino.name=San Marino
bootstrap.categories.cm_generalclassifiable.regions.europe.southern_europe.slovenia.name=Slovenia
bootstrap.categories.cm_generalclassifiable.regions.europe.southern_europe.spain.name=Spain
bootstrap.categories.cm_generalclassifiable.regions.europe.southern_europe.macedonia.name=The Former Yugoslav Republic of Macedonia
bootstrap.categories.cm_generalclassifiable.regions.europe.southern_europe.yugoslavia.name=Yugoslavia

bootstrap.categories.cm_generalclassifiable.regions.europe.western_europe.name=Western Europe
bootstrap.categories.cm_generalclassifiable.regions.europe.western_europe.austria.name=Austria
bootstrap.categories.cm_generalclassifiable.regions.europe.western_europe.belgium.name=Belgium
bootstrap.categories.cm_generalclassifiable.regions.europe.western_europe.france.name=France
bootstrap.categories.cm_generalclassifiable.regions.europe.western_europe.germany.name=Germany
bootstrap.categories.cm_generalclassifiable.regions.europe.western_europe.liechtenstein.name=Liechtenstein
bootstrap.categories.cm_generalclassifiable.regions.europe.western_europe.luxembourg.name=Luxembourg
bootstrap.categories.cm_generalclassifiable.regions.europe.western_europe.monaco.name=Monaco
bootstrap.categories.cm_generalclassifiable.regions.europe.western_europe.netherlands.name=Netherlands
bootstrap.categories.cm_generalclassifiable.regions.europe.western_europe.switzerland.name=Switzerland

bootstrap.categories.cm_generalclassifiable.regions.latin_america.name=LATIN AMERICA

bootstrap.categories.cm_generalclassifiable.regions.latin_america.caribbean.name=Caribbean
bootstrap.categories.cm_generalclassifiable.regions.latin_america.caribbean.anguilla.name=Anguilla
bootstrap.categories.cm_generalclassifiable.regions.latin_america.caribbean.antigua_and_barbuda.name=Antigua and Barbuda
bootstrap.categories.cm_generalclassifiable.regions.latin_america.caribbean.aruba.name=Aruba
bootstrap.categories.cm_generalclassifiable.regions.latin_america.caribbean.bahamas.name=Bahamas
bootstrap.categories.cm_generalclassifiable.regions.latin_america.caribbean.barbados.name=Barbados
bootstrap.categories.cm_generalclassifiable.regions.latin_america.caribbean.british_virgin_islands.name=British Virgin Islands
bootstrap.categories.cm_generalclassifiable.regions.latin_america.caribbean.cayman_islands.name=Cayman Islands
bootstrap.categories.cm_generalclassifiable.regions.latin_america.caribbean.cuba.name=Cuba
bootstrap.categories.cm_generalclassifiable.regions.latin_america.caribbean.dominica.name=Dominica
bootstrap.categories.cm_generalclassifiable.regions.latin_america.caribbean.dominican_republic.name=Dominican Republic
bootstrap.categories.cm_generalclassifiable.regions.latin_america.caribbean.grenada.name=Grenada
bootstrap.categories.cm_generalclassifiable.regions.latin_america.caribbean.guadeloupe.name=Guadeloupe
bootstrap.categories.cm_generalclassifiable.regions.latin_america.caribbean.haiti.name=Haiti
bootstrap.categories.cm_generalclassifiable.regions.latin_america.caribbean.jamaica.name=Jamaica
bootstrap.categories.cm_generalclassifiable.regions.latin_america.caribbean.martinique.name=Martinique
bootstrap.categories.cm_generalclassifiable.regions.latin_america.caribbean.montserrat.name=Montserrat
bootstrap.categories.cm_generalclassifiable.regions.latin_america.caribbean.netherlands_antilles.name=Netherlands Antilles
bootstrap.categories.cm_generalclassifiable.regions.latin_america.caribbean.puerto_rico.name=Puerto Rico
bootstrap.categories.cm_generalclassifiable.regions.latin_america.caribbean.saint_kitts_and_nevis.name=Saint Kitts and Nevis
bootstrap.categories.cm_generalclassifiable.regions.latin_america.caribbean.saint_lucia.name=Saint Lucia
bootstrap.categories.cm_generalclassifiable.regions.latin_america.caribbean.saint_vincent_and_grenadines.name=Saint Vincent and Grenadines
bootstrap.categories.cm_generalclassifiable.regions.latin_america.caribbean.trinidad_and_tobago.name=Trinidad and Tobago
bootstrap.categories.cm_generalclassifiable.regions.latin_america.caribbean.turks_and_caicos_islands.name=Turks and Caicos Islands
bootstrap.categories.cm_generalclassifiable.regions.latin_america.caribbean.united_states_virgin_islands.name=United States Virgin Islands

bootstrap.categories.cm_generalclassifiable.regions.latin_america.central_america.name=Central America
bootstrap.categories.cm_generalclassifiable.regions.latin_america.central_america.belize.name=Belize
bootstrap.categories.cm_generalclassifiable.regions.latin_america.central_america.costa_rica.name=Costa Rica
bootstrap.categories.cm_generalclassifiable.regions.latin_america.central_america.el_salvador.name=El Salvador
bootstrap.categories.cm_generalclassifiable.regions.latin_america.central_america.guatemala.name=Guatemala
bootstrap.categories.cm_generalclassifiable.regions.latin_america.central_america.honduras.name=Honduras
bootstrap.categories.cm_generalclassifiable.regions.latin_america.central_america.mexico.name=Mexico
bootstrap.categories.cm_generalclassifiable.regions.latin_america.central_america.nicaragua.name=Nicaragua
bootstrap.categories.cm_generalclassifiable.regions.latin_america.central_america.panama.name=Panama

bootstrap.categories.cm_generalclassifiable.regions.latin_america.south_america.name=South America
bootstrap.categories.cm_generalclassifiable.regions.latin_america.south_america.argentina.name=Argentina
bootstrap.categories.cm_generalclassifiable.regions.latin_america.south_america.bolivia.name=Bolivia
bootstrap.categories.cm_generalclassifiable.regions.latin_america.south_america.brazil.name=Brazil
bootstrap.categories.cm_generalclassifiable.regions.latin_america.south_america.chile.name=Chile
bootstrap.categories.cm_generalclassifiable.regions.latin_america.south_america.colombia.name=Colombia
bootstrap.categories.cm_generalclassifiable.regions.latin_america.south_america.ecuador.name=Ecuador
bootstrap.categories.cm_generalclassifiable.regions.latin_america.south_america.falkland_islands.name=Falkland Islands (Malvinas)
bootstrap.categories.cm_generalclassifiable.regions.latin_america.south_america.french_guiana.name=French Guiana
bootstrap.categories.cm_generalclassifiable.regions.latin_america.south_america.guyana.name=Guyana
bootstrap.categories.cm_generalclassifiable.regions.latin_america.south_america.paraguay.name=Paraguay
bootstrap.categories.cm_generalclassifiable.regions.latin_america.south_america.peru.name=Peru
bootstrap.categories.cm_generalclassifiable.regions.latin_america.south_america.suriname.name=Suriname
bootstrap.categories.cm_generalclassifiable.regions.latin_america.south_america.uruguay.name=Uruguay
bootstrap.categories.cm_generalclassifiable.regions.latin_america.south_america.venezuela.name=Venezuela

bootstrap.categories.cm_generalclassifiable.regions.northern_america.name=NORTHERN AMERICA
bootstrap.categories.cm_generalclassifiable.regions.northern_america.bermuda.name=Bermuda
bootstrap.categories.cm_generalclassifiable.regions.northern_america.canada.name=Canada
bootstrap.categories.cm_generalclassifiable.regions.northern_america.greenland.name=Greenland
bootstrap.categories.cm_generalclassifiable.regions.northern_america.saint_pierre_and_miquelon.name=Saint Pierre and Miquelon
bootstrap.categories.cm_generalclassifiable.regions.northern_america.usa.name=United States of America

bootstrap.categories.cm_generalclassifiable.regions.oceania.name=OCEANIA

bootstrap.categories.cm_generalclassifiable.regions.oceania.australia_and_new_zealand.name=Australia and New Zealand
bootstrap.categories.cm_generalclassifiable.regions.oceania.australia_and_new_zealand.australia.name=Australia
bootstrap.categories.cm_generalclassifiable.regions.oceania.australia_and_new_zealand.new_zealand.name=New Zealand
bootstrap.categories.cm_generalclassifiable.regions.oceania.australia_and_new_zealand.norfolk_island.name=Norfolk Island

bootstrap.categories.cm_generalclassifiable.regions.oceania.melanesia.name=Melanesia
bootstrap.categories.cm_generalclassifiable.regions.oceania.melanesia.fiji.name=Fiji
bootstrap.categories.cm_generalclassifiable.regions.oceania.melanesia.new_caledonia.name=New Caledonia
bootstrap.categories.cm_generalclassifiable.regions.oceania.melanesia.papua_new_guinea.name=Papua New Guinea
bootstrap.categories.cm_generalclassifiable.regions.oceania.melanesia.solomon_islands.name=Solomon Islands
bootstrap.categories.cm_generalclassifiable.regions.oceania.melanesia.vanuatu.name=Vanuatu

bootstrap.categories.cm_generalclassifiable.regions.oceania.micronesia.name=Micronesia
bootstrap.categories.cm_generalclassifiable.regions.oceania.micronesia.states_of_micronesia.name=Federated States of Micronesia
bootstrap.categories.cm_generalclassifiable.regions.oceania.micronesia.guam.name=Guam
bootstrap.categories.cm_generalclassifiable.regions.oceania.micronesia.johnston_island.name=Johnston Island
bootstrap.categories.cm_generalclassifiable.regions.oceania.micronesia.kiribati.name=Kiribati
bootstrap.categories.cm_generalclassifiable.regions.oceania.micronesia.marshall_islands.name=Marshall Islands
bootstrap.categories.cm_generalclassifiable.regions.oceania.micronesia.nauru.name=Nauru
bootstrap.categories.cm_generalclassifiable.regions.oceania.micronesia.northern_mariana_islands.name=Northern Mariana Islands
bootstrap.categories.cm_generalclassifiable.regions.oceania.micronesia.palau.name=Palau

bootstrap.categories.cm_generalclassifiable.regions.oceania.polynesia.name=Polynesia
bootstrap.categories.cm_generalclassifiable.regions.oceania.polynesia.american_samoa.name=American Samoa
bootstrap.categories.cm_generalclassifiable.regions.oceania.polynesia.cook_islands.name=Cook Islands
bootstrap.categories.cm_generalclassifiable.regions.oceania.polynesia.french_polynesia.name=French Polynesia
bootstrap.categories.cm_generalclassifiable.regions.oceania.polynesia.niue.name=Niue
bootstrap.categories.cm_generalclassifiable.regions.oceania.polynesia.pitcairn.name=Pitcairn
bootstrap.categories.cm_generalclassifiable.regions.oceania.polynesia.samoa.name=Samoa
bootstrap.categories.cm_generalclassifiable.regions.oceania.polynesia.tokelau.name=Tokelau
bootstrap.categories.cm_generalclassifiable.regions.oceania.polynesia.tonga.name=Tonga
bootstrap.categories.cm_generalclassifiable.regions.oceania.polynesia.tuvalu.name=Tuvalu
bootstrap.categories.cm_generalclassifiable.regions.oceania.polynesia.wallis_and_futuna_islands.name=Wallis and Futuna Islands

bootstrap.categories.cm_generalclassifiable.tags.name=Tags
